ID,Email
2002,abergele@communityattesco.co.uk
2006,abertillery@communityattesco.co.uk
2007,2007@uk.tesco.com
2011,2011@uk.tesco.com
2015,aberdare@communityattesco.co.uk
2017,addlestoneextracommunityspace@uk.tesco.com
2019,altrinchamcommunityspace@uk.tesco.com
2020,2020@uk.tesco.com
2022,2022@uk.tesco.com
2025,aldershot@communityattesco.co.uk
2030,andover@communityattesco.co.uk
2031,ashfordcrooksfootcommunityspace@uk.tesco.com
2038,aylesbury@communityattesco.co.uk
2039,2039@uk.tesco.com
2040,2040@uk.tesco.com
2041,2041@uk.tesco.com
2042,ayr@communityattesco.co.uk
2044,2044@uk.tesco.com
2045,auchinleck@communityattesco.co.uk
2046,2046@uk.tesco.com
2047,2047@uk.tesco.com
2048,axminster@communityattesco.co.uk
2049,2049@uk.tesco.com
2050,baguley@communityattesco.co.uk
2055,2055@uk.tesco.com
2056,2056@uk.tesco.com
2057,banbridgeextracommunityspace@uk.tesco.com
2060,2060@uk.tesco.com
2061,2061@uk.tesco.com
2064,2064@uk.tesco.com
2065,barhillcommunityspace@uk.tesco.com
2067,blackburnroad@communityattesco.co.uk
2071,barnsleycommunityspace@uk.tesco.com
2072,2072@uk.tesco.com
2073,basildoncommunityspace@uk.tesco.com
2078,2078@uk.tesco.com
2080,basingstoke@communityattesco.co.uk
2081,barry@communityattesco.co.uk
2087,bedford@communityattesco.co.uk
2092,2092@uk.tesco.com
2094,bexhill@communityattesco.co.uk
2096,2096@uk.tesco.com
2097,City.communitychampion@uk.tesco.com
2098,bidstonmoss@communityattesco.co.uk
2101,2101@uk.tesco.com
2102,2102@uk.tesco.com
2103,blackpoolcommunityspace@uk.tesco.com
2108,2108@uk.tesco.com
2113,2113@uk.tesco.com
2115,2115@uk.tesco.com
2117,blandford@communityattesco.co.uk
2122,2122@uk.tesco.com
2126,borehamwood@communityattesco.co.uk
2130,2130@uk.tesco.com
2131,2131@uk.tesco.com
2132,2132@uk.tesco.com
2134,marketplace@communityattesco.co.uk
2136,bristol@communityattesco.co.uk
2141,2141@uk.tesco.com
2142,2142@uk.tesco.com
2143,2143@uk.tesco.com
2149,bridlington@communityattesco.co.uk
2151,2151@uk.tesco.com
2152,2152@uk.tesco.com
2154,bridgend@communityattesco.co.uk
2156,2156@uk.tesco.com
2158,2158@uk.tesco.com
2161,lambeth.communitychampion@uk.tesco.com
2163,2163@uk.tesco.com
2164,bournemouthextracommunityspace@uk.tesco.com
2166,burystedmundscom@communityattesco.co.uk
2167,2167@uk.tesco.com
2169,2169@uk.tesco.com
2170,2170@uk.tesco.com
2171,beverley@communityattesco.co.uk
2172,greatnotley@communityattesco.co.uk
2173,2173@uk.tesco.com
2174,2174@uk.tesco.com
2179,2179@uk.tesco.com
2186,2186@uk.tesco.com
2188,2188@uk.tesco.com
2193,bordon@communityattesco.co.uk
2195,antrim@communityattesco.co.uk
2200,broadstairsextracommunityspace@uk.tesco.com
2201,2201@uk.tesco.com
2202,broadwater@communityattesco.co.uk
2204,2204@uk.tesco.com
2214,2214@uk.tesco.com
2215,2215@uk.tesco.com
2217,2217@uk.tesco.com
2222,carlislewarwickroad@communityattesco.co.uk
2230,cardiffextracommunityspace@uk.tesco.com
2233,2233@uk.tesco.com
2235,2235@uk.tesco.com
2236,2236@uk.tesco.com
2241,2241@uk.tesco.com
2242,2242@uk.tesco.com
2243,2243@uk.tesco.com
2248,catterickgarrison@communityattesco.co.uk
2253,2253@uk.tesco.com
2255,2255@uk.tesco.com
2261,chester@communityattesco.co.uk
2265,City.communitychampion@uk.tesco.com
2266,chichester@communityattesco.co.uk
2269,2269@uk.tesco.com
2270,2270@uk.tesco.com
2271,2271@uk.tesco.com
2272,chesterbroughton@communityattesco.co.uk
2275,2275@uk.tesco.com
2278,2278@uk.tesco.com
2280,2280@uk.tesco.com
2281,2281@uk.tesco.com
2285,2285@uk.tesco.com
2286,cleethorpescommunityspace@uk.tesco.com
2290,2290@uk.tesco.com
2294,2294@uk.tesco.com
2296,2296@uk.tesco.com
2297,2297@uk.tesco.com
2299,coventgarden@communityattesco.co.uk
2308,2308@uk.tesco.com
2310,colchester2@eathappyproject.com
2313,2313@uk.tesco.com
2322,2322@uk.tesco.com
2323,2323@uk.tesco.com
2327,2327@uk.tesco.com
2328,coventryarenacommunityspace@uk.tesco.com
2329,cheshunt@communityattesco.co.uk
2330,2330@uk.tesco.com
2335,Westbromwich@communityattesco.co.uk
2340,corstorphine@communityattesco.co.uk
2343,congleton@communityattesco.co.uk
2361,cumbernauld@communityattesco.co.uk
2362,cupar@communityattesco.co.uk
2375,2375@uk.tesco.com
2387,2387@uk.tesco.com
2388,dumfries@communityattesco.co.uk
2389,2389@uk.tesco.com
2392,2392@uk.tesco.com
2394,2394@uk.tesco.com
2396,2396@uk.tesco.com
2397,dunfermline@communityattesco.co.uk
2404,2404@uk.tesco.com
2406,2406@uk.tesco.com
2413,didcot@communityattesco.co.uk
2418,2418@uk.tesco.com
2422,2422@uk.tesco.com
2423,dorchester@communityattesco.co.uk
2425,dunstable@communityattesco.co.uk
2429,riversidedrive@communityattesco.co.uk
2430,2430@uk.tesco.com
2434,2434@uk.tesco.com
2435,2435@uk.tesco.com
2437,2437@uk.tesco.com
2438,2438@uk.tesco.com
2440,2440@uk.tesco.com
2450,eastbourne@communityattesco.co.uk
2452,2452@uk.tesco.com
2454,2454@uk.tesco.com
2456,Barnet.communitychampion@uk.tesco.com
2457,2457@uk.tesco.com
2458,edinburgh@communityattesco.co.uk
2461,colinton@communityattesco.co.uk
2463,Southwark.communitychampion@uk.tesco.com
2467,2467@uk.tesco.com
2470,ely@communityattesco.co.uk
2479,Barnet.communitychampion@uk.tesco.com
2487,exetervale@communityattesco.co.uk
2489,2489@uk.tesco.com
2490,exmouth@communityattesco.co.uk
2522,falmouth@communityattesco.co.uk
2526,faversham@communityattesco.co.uk
2527,felixstowe@communityattesco.co.uk
2530,2530@uk.tesco.com
2533,2533@uk.tesco.com
2535,folkestone@communityattesco.co.uk
2538,2538@uk.tesco.com
2543,2543@uk.tesco.com
2544,2544@uk.tesco.com
2549,2549@uk.tesco.com
2550,grahamsroad@communityattesco.co.uk
2554,newham.communitychampion@uk.tesco.com
2555,2555@uk.tesco.com
2557,2557@uk.tesco.com
2560,gatwickextracommunityspace@uk.tesco.com
2562,rowlandsgill@communityattesco.co.uk
2564,gerrardscross@communityattesco.co.uk
2569,2569@uk.tesco.com
2571,2571@uk.tesco.com
2572,gillinghamkent@communityattesco.co.uk
2574,2574@uk.tesco.com
2576,2576@uk.tesco.com
2579,greenford@communityattesco.co.uk
2581,gloucester@communityattesco.co.uk
2582,2582@uk.tesco.com
2586,2586@uk.tesco.com
2587,glasgowstrolloxcommunityspace@uk.tesco.com
2589,2589@uk.tesco.com
2590,guildford@communityattesco.co.uk
2593,boothferryroad@communityattesco.co.uk
2613,2613@uk.tesco.com
2617,2617@uk.tesco.com
2618,2618@uk.tesco.com
2619,hackney.communitychampion@uk.tesco.com
2622,halifax@communityattesco.co.uk
2624,2624@uk.tesco.com
2627,DebbieBriody.communitychampion@uk.tesco.com
2628,2628@uk.tesco.com
2634,churchlangley@communityattesco.co.uk
2636,haslemere@communityattesco.co.uk
2637,DebbieBriody.communitychampion@uk.tesco.com
2638,hartlepool@communityattesco.co.uk
2640,2640@uk.tesco.com
2642,hayesbullsbridgecommunityspace@uk.tesco.com
2647,haverfordwest@communityattesco.co.uk
2649,heanor@communityattesco.co.uk
2653,Henley@communityattesco.co.uk
2654,hatfieldextracommunityspace@uk.tesco.com
2655,Barnet.communitychampion@uk.tesco.com
2661,hertford@communityattesco.co.uk
2663,2663@uk.tesco.com
2667,hereford@communityattesco.co.uk
2668,2668@uk.tesco.com
2670,hook@communityattesco.co.uk
2671,2671@uk.tesco.com
2672,heswall@communityattesco.co.uk
2675,2675@uk.tesco.com
2676,holyhead@communityattesco.co.uk
2679,2679@uk.tesco.com
2685,2685@uk.tesco.com
2692,2692@uk.tesco.com
2694,huntingdonextracommunityspace@uk.tesco.com
2695,2695@uk.tesco.com
2698,2698@uk.tesco.com
2700,hove@communityattesco.co.uk
2701,2701@uk.tesco.com
2702,2702@uk.tesco.com
2703,2703@uk.tesco.com
2715,newtownabbey@communityattesco.co.uk
2717,Westminster.communitychampion@uk.tesco.com
2722,Westminster.communitychampion@uk.tesco.com
2723,lambeth.communitychampion@uk.tesco.com
2726,Westminster.communitychampion@uk.tesco.com
2729,Barnet.communitychampion@uk.tesco.com
2731,2731@uk.tesco.com
2733,2733@uk.tesco.com
2734,invernessinshes@communityattesco.co.uk
2736,inverurieextracommunityspace@uk.tesco.com
2737,inverness@communityattesco.co.uk
2742,2742@uk.tesco.com
2744,2744@uk.tesco.com
2748,ipswich@communityattesco.co.uk
2751,2751@uk.tesco.com
2756,2756@uk.tesco.com
2757,Westminster.communitychampion@uk.tesco.com
2765,2765@uk.tesco.com
2767,kettering@communityattesco.co.uk
2770,2770@uk.tesco.com
2772,2772@uk.tesco.com
2792,2792@uk.tesco.com
2796,2796@uk.tesco.com
2797,knocknagoneyroad@communityattesco.co.uk
2800,launceston@communityattesco.co.uk
2801,lanark@communityattesco.co.uk
2802,2802@uk.tesco.com
2804,leyland_2804@tescophoneshops.com
2808,2808@uk.tesco.com
2812,2812@uk.tesco.com
2813,2813@uk.tesco.com
2814,roundhayroad@communityattesco.co.uk
2819,2819@uk.tesco.com
2821,2821@uk.tesco.com
2831,2831@uk.tesco.com
2833,littlehampton@communityattesco.co.uk
2834,lisburnroad@communityattesco.co.uk
2835,llanelli@communityattesco.co.uk
2836,llandudnojunction@communityattesco.co.uk
2837,linlithgow@communityattesco.co.uk
2838,2838@uk.tesco.com
2840,lisburnbentrimroad@communityattesco.co.uk
2843,luton@communityattesco.co.uk
2846,2846@uk.tesco.com
2849,loughboroughextracommunityspace@uk.tesco.com
2850,2850@uk.tesco.com
2855,2855@uk.tesco.com
2856,2856@uk.tesco.com
2857,2857@uk.tesco.com
2860,2860@uk.tesco.com
2861,Westminster.communitychampion@uk.tesco.com
2876,macclesfield@communityattesco.co.uk
2877,2877@uk.tesco.com
2878,marketharborough@communityattesco.co.uk
2880,2880@uk.tesco.com
2882,maldon@communityattesco.co.uk
2885,2885@uk.tesco.com
2886,2886@uk.tesco.com
2889,2889@uk.tesco.com
2894,mold@communityattesco.co.uk
2896,2896@uk.tesco.com
2898,2898@uk.tesco.com
2900,meir@communityattesco.co.uk
2901,milfordhaven@communityattesco.co.uk
2905,minehead@communityattesco.co.uk
2906,2906@uk.tesco.com
2909,2909@uk.tesco.com
2913,2913@uk.tesco.com
2916,2916@uk.tesco.com
2917,newcastlecommunityspace@uk.tesco.com
2920,newtonabbot@communityattesco.co.uk
2924,newmilton@communityattesco.co.uk
2927,newburymetro@communityattesco.co.uk
2931,newportgwent@communityattesco.co.uk
2933,newoscott@communityattesco.co.uk
2934,newmalden@communityattesco.co.uk
2939,Barnet.communitychampion@uk.tesco.com
2943,2943@uk.tesco.com
2947,2947@uk.tesco.com
2949,nottinghamlongeaton@communityattesco.co.uk
2952,2952@uk.tesco.com
2955,2955@uk.tesco.com
2956,portobelloroad@communityattesco.co.uk
2962,harfordbridge@communityattesco.co.uk
2964,2964@uk.tesco.com
2969,2969@uk.tesco.com
2971,2971@uk.tesco.com
2978,2978@uk.tesco.com
2990,oxford@communityattesco.co.uk
2992,2992@uk.tesco.com
2993,liverpoololdswan@communityattesco.co.uk
2994,2994@uk.tesco.com
2995,2995@uk.tesco.com
3000,3000@uk.tesco.com
3004,penicuik@communityattesco.co.uk
3007,3007@uk.tesco.com
3008,3008@uk.tesco.com
3009,peterboroughcommunityspace@uk.tesco.com
3012,Westminster.communitychampion@uk.tesco.com
3013,paignton@communityattesco.co.uk
3015,Petersfield@communityattesco.co.uk
3017,pembrokedock@communityattesco.co.uk
3021,3021@uk.tesco.com
3026,3026@uk.tesco.com
3027,3027@uk.tesco.com
3030,3030@uk.tesco.com
3031,3031@uk.tesco.com
3032,3032@uk.tesco.com
3033,plymouth@communityattesco.co.uk
3036,pooleextra@communityattesco.co.uk
3040,poolefleetscornercommunityspace@uk.tesco.com
3041,3041@uk.tesco.com
3045,princesrisborough@communityattesco.co.uk
3047,poole@communityattesco.co.uk
3048,3048@uk.tesco.com
3050,pottersbar@communityattesco.co.uk
3052,3052@uk.tesco.com
3053,3053@uk.tesco.com
3055,3055@uk.tesco.com
3057,3057@uk.tesco.com
3060,3060@uk.tesco.com
3063,pontypridd@communityattesco.co.uk
3065,prescotcommunityspace@uk.tesco.com
3066,3066@uk.tesco.com
3074,3074@uk.tesco.com
3078,3078@uk.tesco.com
3084,redditch@communityattesco.co.uk
3086,3086@uk.tesco.com
3088,3088@uk.tesco.com
3089,3089@uk.tesco.com
3093,Westminster.communitychampion@uk.tesco.com
3095,3095@uk.tesco.com
3098,3098@uk.tesco.com
3099,3099@uk.tesco.com
3100,rockferry@communityattesco.co.uk
3101,3101@uk.tesco.com
3107,romfordextracommunityspace@uk.tesco.com
3108,royston@communityattesco.co.uk
3112,3112@uk.tesco.com
3115,rugby@communityattesco.co.uk
3120,romford@communityattesco.co.uk
3129,3129@uk.tesco.com
3130,saffronwalden@communityattesco.co.uk
3133,salisburyextracommunityspace@uk.tesco.com
3137,sevenoaks@communityattesco.co.uk
3142,staustell@communityattesco.co.uk
3145,stneotscommunityspace@uk.tesco.com
3147,3147@uk.tesco.com
3151,3151@uk.tesco.com
3154,3154@uk.tesco.com
3159,3159@uk.tesco.com
3164,sleaford@communityattesco.co.uk
3166,3166@uk.tesco.com
3177,3177@uk.tesco.com
3178,3178@uk.tesco.com
3179,sheerness@communityattesco.co.uk
3180,3180@uk.tesco.com
3181,sheffieldabbeydale@communityattesco.co.uk
3184,3184@uk.tesco.com
3188,solihull@communityattesco.co.uk
3189,3189@uk.tesco.com
3190,3190@uk.tesco.com
3193,southport@communityattesco.co.uk
3195,stowonthewold@communityattesco.co.uk
3200,3200@uk.tesco.com
3205,3205@uk.tesco.com
3208,3208@uk.tesco.com
3209,3209@uk.tesco.com
3210,strandroad@communityattesco.co.uk
3212,stratforduponavon@communityattesco.co.uk
3213,3213@uk.tesco.com
3214,3214@uk.tesco.com
3219,swanseaextracommunityspace@uk.tesco.com
3220,3220@uk.tesco.com
3222,3222@uk.tesco.com
3228,3228@uk.tesco.com
3230,swindonextracommunityspace@uk.tesco.com
3232,3232@uk.tesco.com
3234,3234@uk.tesco.com
3237,3237@uk.tesco.com
3239,stoke@communityattesco.co.uk
3240,3240@uk.tesco.com
3243,3243@uk.tesco.com
3255,3255@uk.tesco.com
3276,Westminster.communitychampion@uk.tesco.com
3279,3279@uk.tesco.com
3281,3281@uk.tesco.com
3283,tenterden@communityattesco.co.uk
3284,3284@uk.tesco.com
3287,3287@uk.tesco.com
3288,3288@uk.tesco.com
3290,3290@uk.tesco.com
3297,totonextracommunityspace@uk.tesco.com
3300,3300@uk.tesco.com
3301,3301@uk.tesco.com
3309,3309@uk.tesco.com
3310,truro@eathappyproject.com
3316,trowbridgecommunityspace@uk.tesco.com
3317,lambeth.communitychampion@uk.tesco.com
3324,3324@uk.tesco.com
3330,3300@uk.tesco.com
3332,newham.communitychampion@uk.tesco.com
3333,3333@uk.tesco.com
3340,Westminster.communitychampion@uk.tesco.com
3344,3344@uk.tesco.com
3345,3345@uk.tesco.com
3347,3347@uk.tesco.com
3356,walthamabbey@communityattesco.co.uk
3370,warwick@communityattesco.uk
3372,watfordcommunityspace@uk.tesco.com
3373,3373@uk.tesco.com
3377,3377@uk.tesco.com
3378,3378@uk.tesco.com
3380,wellingboroughcommunityspace@uk.tesco.com
3384,3384@uk.tesco.com
3385,3385@uk.tesco.com
3387,3387@uk.tesco.com
3390,weymouth@communityattesco.co.uk
3394,3394@uk.tesco.com
3396,3396@uk.tesco.com
3398,Stafford@communityattesco.co.uk
3399,3399@uk.tesco.com
3400,3400@uk.tesco.com
3401,whitstableextracommunityspace@uk.tesco.com
3404,windsor@communityattesco.co.uk
3406,winchester@communityattesco.co.uk
3411,wokingham@communityattesco.co.uk
3412,3412@uk.tesco.com
3420,3420@uk.tesco.com
3422,3422@uk.tesco.com
3425,Whiteley@communityattesco.co.uk
3426,wigancommunityspace@uk.tesco.com
3429,workington@communityattesco.co.uk
3430,worcester1@communityattesco.co.uk
3433,wrexhamextracommunityspace@uk.tesco.com
3439,3439@uk.tesco.com
3440,Worcesterwarndon@communityattesco.co.uk
3444,3444@uk.tesco.com
3466,Westminster.communitychampion@uk.tesco.com
3470,yeading@communityattesco.co.uk
3473,Westminster.communitychampion@uk.tesco.com
3474,Westminster.communitychampion@uk.tesco.com
3476,3476@uk.tesco.com
3479,Westminster.communitychampion@uk.tesco.com
3480,york@communityattesco.co.uk
3482,Westminster.communitychampion@uk.tesco.com
3483,Westminster.communitychampion@uk.tesco.com
3486,3486@uk.tesco.com
3488,yorktadcasterrdextracommunityspace@uk.tesco.com
3490,greatyarmouth@communityattesco.co.uk
3491,3491@uk.tesco.com
3493,3493@uk.tesco.com
4338,4338@uk.tesco.com
4339,4339@uk.tesco.com
4341,gosport@eathappyproject.com
4342,4342@uk.tesco.com
4357,Stourbridge@communityattesco.co.uk
4358,4358@uk.tesco.com
4361,4361@uk.tesco.com
4362,lincolncommunityspace@uk.tesco.com
4375,4375@uk.tesco.com
4394,4394@uk.tesco.com
4395,4395@uk.tesco.com
4400,4400@uk.tesco.com
4423,4423@uk.tesco.com
4425,4425@uk.tesco.com
4429,4429@uk.tesco.com
4482,4482@uk.tesco.com
4505,rotherhamextracommunityspace@uk.tesco.com
4506,banbridgeextracommunityspace@uk.tesco.com
4579,4579@uk.tesco.com
5014,evesham@communityattesco.co.uk
5029,5029@uk.tesco.com
5031,5031@uk.tesco.com
5106,5106@uk.tesco.com
5107,garforth@communityattesco.co.uk
5108,5108@uk.tesco.com
5109,5109@uk.tesco.com
5110,carnforth@communityattesco.co.uk
5114,sheldon@communityattesco.co.uk
5119,marketrasen@communityattesco.co.uk
5120,fakenham@communityattesco.co.uk
5121,5121@uk.tesco.com
5122,5122@uk.tesco.com
5123,beccles@communityattesco.co.uk
5124,haslingden@communityattesco.co.uk
5125,clactononsea@communityattesco.co.uk
5128,5128@uk.tesco.com
5129,pulborough@communityattesco.co.uk
5130,City.communitychampion@uk.tesco.com
5131,newtownbreda@communityattesco.co.uk
5133,5133@uk.tesco.com
5135,sloughcommunityspace@uk.tesco.com
5136,5136@uk.tesco.com
5137,carrickfergus@communityattesco.co.uk
5138,5138@uk.tesco.com
5148,5148@uk.tesco.com
5152,City.communitychampion@uk.tesco.com
5157,City.communitychampion@uk.tesco.com
5158,City.communitychampion@uk.tesco.com
5168,5168@uk.tesco.com
5170,5170@uk.tesco.com
5171,coatbridgeextracommunityspace@uk.tesco.com
5177,Westminster.communitychampion@uk.tesco.com
5181,falkirkreadingroadcommunityspace@uk.tesco.com
5182,5182@uk.tesco.com
5183,5183@uk.tesco.com
5184,5184@uk.tesco.com
5190,Westminster.communitychampion@uk.tesco.com
5194,5194@uk.tesco.com
5198,5198@uk.tesco.com
5199,Greenwich.communitychampion@uk.tesco.com
5215,Southwark.communitychampion@uk.tesco.com
5239,camdursley@communityattesco.co.uk
5249,5249@uk.tesco.com
5288,DebbieBriody.communitychampion@uk.tesco.com
5289,5289@uk.tesco.com
5291,5291@uk.tesco.com
5292,ramsey@communityattesco.co.uk
5293,5293@uk.tesco.com
5294,cheethamhill@communityattesco.co.uk
5295,5295@uk.tesco.com
5299,tidworth@communityattesco.co.uk
5300,keithmoss@communityattesco.co.uk
5301,litherland@communityattesco.co.uk
5303,ruthin@communityattesco.co.uk
5304,5304@uk.tesco.com
5306,maesteg@communityattesco.co.uk
5307,glasgowsilverburncommunityspace@uk.tesco.com
5325,quinton@communitattesco.co.uk
5326,5326@uk.tesco.com
5327,5327@uk.tesco.com
5329,nottinghambeeston@communityattesco.co.uk
5330,wickcommunityspace@uk.tesco.com
5331,5331@uk.tesco.com
5332,shrewsbury@communityattesco.co.uk
5333,enniskillen@communityattesco.co.uk
5334,5334@uk.tesco.com
5335,5335@uk.tesco.com
5336,5336@uk.tesco.com
5337,hailsham@communityattesco.co.uk
5342,lambeth.communitychampion@uk.tesco.com
5357,DebbieBriody.communitychampion@uk.tesco.com
5358,lambeth.communitychampion@uk.tesco.com
5362,cradleyheathcommunityspace@uk.tesco.com
5363,brockworth@communityattesco.co.uk
5379,5379@uk.tesco.com
5380,City.communitychampion@uk.tesco.com
5404,hackney.communitychampion@uk.tesco.com
5406,5406@uk.tesco.com
5421,5421@uk.tesco.com
5422,5422@uk.tesco.com
5432,Greenwich.communitychampion@uk.tesco.com
5437,5437@uk.tesco.com
5438,5438@uk.tesco.com
5439,5439@uk.tesco.com
5441,5441@uk.tesco.com
5442,ilminster@communityattesco.co.uk
5447,5447@uk.tesco.com
5454,5454@uk.tesco.com
5456,hullststephens@communityattesco.co.uk
5458,5458@uk.tesco.com
5459,lambeth.communitychampion@uk.tesco.com
5460,Greenwich.communitychampion@uk.tesco.com
5466,5466@uk.tesco.com
5469,hackney.communitychampion@uk.tesco.com
5470,lambeth.communitychampion@uk.tesco.com
5491,5491@uk.tesco.com
5494,lambeth.communitychampion@uk.tesco.com
5501,hackney.communitychampion@uk.tesco.com
5503,willenhall@communityattesco.co.uk
5504,aston@communityattesco.co.uk
5508,hackney.communitychampion@uk.tesco.com
5518,Southwark.communitychampion@uk.tesco.com
5522,ballygomartin@communityattesco.co.uk
5564,hackney.communitychampion@uk.tesco.com
5565,Westminster.communitychampion@uk.tesco.com
5566,gorton@communityattesco.co.uk
5567,5567@uk.tesco.com
5586,5586@uk.tesco.com
5588,5588@uk.tesco.com
5597,5597@uk.tesco.com
5601,hastingsextracommunityspace@uk.tesco.com
5608,Greenwich.communitychampion@uk.tesco.com
5624,5624@uk.tesco.com
5626,5626@uk.tesco.com
5633,Westminster.communitychampion@uk.tesco.com
5644,newham.communitychampion@uk.tesco.com
5647,5647@uk.tesco.com
5652,5652@uk.tesco.com
5655,Barnet.communitychampion@uk.tesco.com
5657,5657@uk.tesco.com
5663,5663@uk.tesco.com
5678,lambeth.communitychampion@uk.tesco.com
5714,Westminster.communitychampion@uk.tesco.com
5731,oldham@communityattesco.co.uk
5733,Barnet.communitychampion@uk.tesco.com
5740,hemsworth@communityattesco.co.uk
5745,5745@uk.tesco.com
5757,aberdeensouth@communityattesco.co.uk
5758,5758@uk.tesco.com
5760,lerwick@communityattesco.co.uk
5762,5762@uk.tesco.com
5763,5763@uk.tesco.com
5768,5768@uk.tesco.com
5769,5769@uk.tesco.com
5781,Barnet.communitychampion@uk.tesco.com
5784,Southwark.communitychampion@uk.tesco.com
5786,5786@uk.tesco.com
5851,hanley@communityattesco.co.uk
5852,lichfieldcommunityspace@uk.tesco.com
5853,madeley@communityattesco.co.uk
5854,hodgehill@communityattesco.co.uk
5856,chesterfieldmetro@communityattesco.co.uk
5857,crowborough@communityattesco.co.uk
5864,5864@uk.tesco.com
5885,5885@uk.tesco.com
5886,5886@uk.tesco.com
5892,greenfield@communityattesco.co.uk
5902,hinckley_5902@tescophoneshops.com
5904,orpington@communityattesco.co.uk
5922,DebbieBriody.communitychampion@uk.tesco.com
5928,Southwark.communitychampion@uk.tesco.com
5930,crediton@communityattesco.co.uk
5933,newham.communitychampion@uk.tesco.com
5937,kingsbridge@communityattesco.co.uk
5938,ellesmere@communityattesco.co.uk
5939,haverhill@communityattesco.co.uk
5948,caerphillycrossways@communityattesco.co.uk
5949,newham.communitychampion@uk.tesco.com
5956,City.communitychampion@uk.tesco.com
5968,kilmarnock@communityattesco.co.uk
5969,dumfriespeel@communityattesco.co.uk
5970,durham@communityattesco.co.uk
5971,hungerford@communityattesco.co.uk
5972,maltby@communityattesco.co.uk
5974,peebles@communityattesco.co.uk
5976,staplehill@communityattesco.co.uk
5977,uddingston@communityattesco.co.uk
5978,middlewich@communityattesco.co.uk
5979,sthelens@communityattesco.co.uk
5982,skipton@communityattesco.co.uk
5992,chesterfield@communitytattesco.co.uk  
6002,havantextracommunityspace@uk.tesco.com
6003,belshill@communityattesco.co.uk
6017,walkdenextra@communityattesco.co.uk
6020,lambeth.communitychampion@uk.tesco.com
6023,DebbieBriody.communitychampion@uk.tesco.com
6025,middleton@communityattesco.co.uk
6042,City.communitychampion@uk.tesco.com
6044,Southwark.communitychampion@uk.tesco.com
6052,annan@communityattesco.co.uk
6053,newtown@communityattesco.co.uk
6056,westdurrington@communityattesco.co.uk
6057,Greenwich.communitychampion@uk.tesco.com
6059,Barnet.communitychampion@uk.tesco.com
6069,lambeth.communitychampion@uk.tesco.com
6070,Southwark.communitychampion@uk.tesco.com
6075,newham.communitychampion@uk.tesco.com
6077,City.communitychampion@uk.tesco.com
6085,6085@uk.tesco.com
6099,byresroad@communityattesco.co.uk
6100,kirkcudbright@communityattesco.co.uk
6101,Greenwich.communitychampion@uk.tesco.com
6106,callington@communityattesco.co.uk
6110,penistone@communityattesco.co.uk
6122,turriff@communityattesco.co.uk
6134,millom@communityattesco.co.uk
6135,loughboroughrushes@communityattesco.co.uk
6144,DebbieBriody.communitychampion@uk.tesco.com
6150,hackney.communitychampion@uk.tesco.com
6152,lambeth.communitychampion@uk.tesco.com
6154,accrington@communityattesco.co.uk
6163,6163@uk.tesco.com
6164,stenochs@communityattesco.co.uk
6172,Southwark.communitychampion@uk.tesco.com
6181,berwickupontweed@communityattesco.co.uk
6191,llandrindodwells@communityattesco.co.uk
6192,newbury@communityattesco.co.uk
6193,musselburgh@communityattesco.co.uk
6196,welling@communityattesco.co.uk
6197,dudley@communityattesco.co.uk
6198,maryhillroad@communityattesco.co.uk
6207,stalbans@communityattesco.co.uk
6208,welshpool@communityattesco.co.uk
6209,Westminster.communitychampion@uk.tesco.com
6212,newham.communitychampion@uk.tesco.com
6222,walton@communityattesco.co.uk
6223,syston@communityattesco.co.uk
6225,risca@communityattesco.co.uk
6226,bulwell@communityattesco.co.uk
6227,brookfield@communityattesco.co.uk
6230,hackney.communitychampion@uk.tesco.com
6231,lambeth.communitychampion@uk.tesco.com
6237,burnside@communityattesco.co.uk
6239,lambeth.communitychampion@uk.tesco.com
6240,crumlin@communityattesco.co.uk
6248,hackney.communitychampion@uk.tesco.com
6249,southam@communityattesco.co.uk
6250,chorleybuckshaw@communityattesco.co.uk
6251,bideford@communityattesco.co.uk
6252,filey@communityattesco.co.uk
6254,buckie@communityattesco.co.uk
6255,6255@uk.tesco.com
6264,helston@communityattesco.co.uk
6265,claycross@communityattesco.co.uk
6269,barnstaple@communityattesco.co.uk
6270,6270@uk.tesco.com
6271,craigavon@communityattesco.co.uk
6273,kirkwall@communityattesco.co.uk
6278,hackney.communitychampion@uk.tesco.com
6279,leith@communityattesco.co.uk
6284,lesmahagow@communityattesco.co.uk
6285,invernessnessside@communityattesco.co.uk
6286,queensbury@communityattesco.co.uk
6287,banchory@communityattesco.co.uk
6291,Southwark.communitychampion@uk.tesco.com
6292,magdalenstreet@communityattesco.co.uk
6293,keynsham@communityattesco.co.uk
6294,amesbury@communityattesco.co.uk
6295,portlandeaston@communityattesco.co.uk
6296,toxteth@communityattesco.co.uk
6319,Southwark.communitychampion@uk.tesco.com
6329,bishopauckland@communityattesco.co.uk
6331,marlborough@communityattesco.co.uk
6333,tain@communityattesco.co.uk
6346,City.communitychampion@uk.tesco.com
6349,hackney.communitychampion@uk.tesco.com
6371,Greenwich.communitychampion@uk.tesco.com
6379,bourne@communityattesco.co.uk
6383,parkheadforge@communityattesco.co.uk
6386,brasseyavenue@communityattesco.co.uk
6390,Southwark.communitychampion@uk.tesco.com
6399,bournemouth@communityattesco.co.uk
6400,6400@uk.tesco.com
6401,6401@uk.tesco.com
6402,sittingbourne@communityattesco.co.uk
6412,Barnet.communitychampion@uk.tesco.com
6413,Greenwich.communitychampion@uk.tesco.com
6419,crewe@communityattesco.co.uk
6420,6420@uk.tesco.com
6422,newham.communitychampion@uk.tesco.com
6427,lambeth.communitychampion@uk.tesco.com
6444,6444@uk.tesco.com
6450,6450@uk.tesco.com
6452,6452@uk.tesco.com
6457,6457@uk.tesco.com
6459,spyttyroad@communityattesco.co.uk
6463,6463@uk.tesco.com
6473,6473@uk.tesco.com
6475,6475@uk.tesco.com
6476,leighextracommunityspace@uk.tesco.com
6477,6477@uk.tesco.com
6481,6481@uk.tesco.com
6487,6487@uk.tesco.com
6500,Greenwich.communitychampion@uk.tesco.com
6504,6504@uk.tesco.com
6505,6505@uk.tesco.com
6506,6506@uk.tesco.com
6513,6513@uk.tesco.com
6525,6525@uk.tesco.com
6531,6531@uk.tesco.com
6537,Barnet.communitychampion@uk.tesco.com
6541,Barnet.communitychampion@uk.tesco.com
6553,6553@uk.tesco.com
6554,newham.communitychampion@uk.tesco.com
6560,Southwark.communitychampion@uk.tesco.com
6567,lambeth.communitychampion@uk.tesco.com
6568,Southwark.communitychampion@uk.tesco.com
6573,6573@uk.tesco.com
6581,DebbieBriody.communitychampion@uk.tesco.com
6596,6596@uk.tesco.com
6608,6608@uk.tesco.com
6617,DebbieBriody.communitychampion@uk.tesco.com
6632,6632@uk.tesco.com
6638,Stourport@communityattesco.co.uk
6639,newham.communitychampion@uk.tesco.com
6644,6644@uk.tesco.com
6645,glastonbury@eathappyproject.com
6646,Salford@communityattesco.co.uk
6653,sunderlandcommunityspace@uk.tesco.com
6665,newham.communitychampion@uk.tesco.com
6668,Westminster.communitychampion@uk.tesco.com
6671,6671@uk.tesco.com
6709,Greenwich.communitychampion@uk.tesco.com
6781,6781@uk.tesco.com
6785,6785@uk.tesco.com
6796,Sandy@communityattesco.co.uk
6797,6797@uk.tesco.com
6806,Barnet.communitychampion@uk.tesco.com
6810,6810@uk.tesco.com
6814,kingslynncommunityspace@uk.tesco.com
6816,6816@uk.tesco.com
2686,2686@uk.tesco.com
